entry	name	kos	maps
M00001	Glycolysis (Embden-Meyerhof pathway), glucose =&gt; pyruvate	(K00844,K12407,K00845,K25026,K00886,K08074,K00918) (K01810,K06859,K13810,K15916) (K00850,K16370,K21071,K00918) (K01623,K01624,K11645,K16305,K16306) K01803 ((K00134,K00150) K00927,K11389) (K01834,K15633,K15634,K15635) K01689 (K00873,K12406)	 map00010  map01200  map01100
M00002	Glycolysis, core module involving three-carbon compounds	K01803 ((K00134,K00150) K00927,K11389) (K01834,K15633,K15634,K15635) K01689 (K00873,K12406)	 map00010  map01200  map01230  map01100
M00003	Gluconeogenesis, oxaloacetate =&gt; fructose-6P	(K01596,K01610) K01689 (K01834,K15633,K15634,K15635) K00927 (K00134,K00150) K01803 ((K01623,K01624,K11645) (K03841,K02446,K11532,K01086,K04041),K01622)	 map00010  map00020  map01100
M00004	Pentose phosphate pathway (Pentose phosphate cycle)	(K13937,((K00036,K19243) (K01057,K07404))) K00033 K01783 (K01807,K01808) K00615 K00616 (K01810,K06859,K13810,K15916)	 map00030  map01200  map01100  map01120
M00005	PRPP biosynthesis, ribose 5P =&gt; PRPP	K00948	 map00030  map00230  map01200  map01230  map01100
M00006	Pentose phosphate pathway, oxidative phase, glucose 6P =&gt; ribulose 5P	(K13937,((K00036,K19243) (K01057,K07404))) K00033	 map00030  map01200  map01100  map01120
M00007	Pentose phosphate pathway, non-oxidative phase, fructose 6P =&gt; ribose 5P	K00615 (K00616,K13810) K01783 (K01807,K01808)	 map00030  map01200  map01230  map01100  map01120
M00008	Entner-Doudoroff pathway, glucose-6P =&gt; glyceraldehyde-3P + pyruvate	K00036 (K01057,K07404) K01690 K01625	 map00030  map01200  map01100  map01120
M00009	Citrate cycle (TCA cycle, Krebs cycle)	(K01647,K05942) (K01681,K01682) (K00031,K00030) ((K00164+K00658,K01616)+K00382,K00174+K00175-K00177-K00176) (K01902+K01903,K01899+K01900,K18118) (K00234+K00235+K00236+(K00237,K25801),K00239+K00240+K00241-(K00242,K18859,K18860),K00244+K00245+K00246-K00247) (K01676,K01679,K01677+K01678) (K00026,K00025,K00024,K00116)	 map00020  map01200  map01100
M00010	Citrate cycle, first carbon oxidation, oxaloacetate =&gt; 2-oxoglutarate	(K01647,K05942) (K01681,K01682) (K00031,K00030)	 map00020  map01200  map01210  map01230  map01100
M00011	Citrate cycle, second carbon oxidation, 2-oxoglutarate =&gt; oxaloacetate	((K00164+K00658,K01616)+K00382,K00174+K00175-K00177-K00176) (K01902+K01903,K01899+K01900,K18118) (K00234+K00235+K00236+(K00237,K25801),K00239+K00240+K00241-(K00242,K18859,K18860),K00244+K00245+K00246-K00247) (K01676,K01679,K01677+K01678) (K00026,K00025,K00024,K00116)	 map00020  map01200  map01100
M00012	Glyoxylate cycle	K01647 (K01681,K01682) K01637 (K01638,K19282) (K00026,K00025,K00024)	 map00630  map01200  map01100  map01110
M00013	Malonate semialdehyde pathway, propanoyl-CoA =&gt; acetyl-CoA	(K00248,K00232) (K07511,K14729) K05605 K23146 K00140	 map00410  map00640  map01200  map01100
M00014	Glucuronate pathway (uronate pathway)	K00012 ((K12447 K16190),(K00699 (K01195,K14756))) K00002 K13247 -- K03331 (K05351,K00008) K00854	 map00040  map01100
M00015	Proline biosynthesis, glutamate =&gt; proline	((K00931 K00147),K12657) K00286	 map00330  map01230  map01100
M00016	Lysine biosynthesis, succinyl-DAP pathway, aspartate =&gt; lysine	(K00928,K12524,K12525,K12526) K00133 K01714 K00215 K00674 (K00821,K14267) K01439 K01778 (K01586,K12526)	 map00300  map01230  map01100
M00017	Methionine biosynthesis, aspartate =&gt; homoserine =&gt; methionine	(K00928,K12524,K12525) K00133 (K00003,K12524,K12525) (K00651,K00641) K01739 (K01760,K14155) (K00548,K24042,K00549)	 map00270  map01230  map01100
M00018	Threonine biosynthesis, aspartate =&gt; homoserine =&gt; threonine	(K00928,K12524,K12525,K12526) K00133 (K00003,K12524,K12525) (K00872,K02204,K02203) K01733	 map00260  map01230  map01100  map01110
M00019	Valine/isoleucine biosynthesis, pyruvate =&gt; valine / 2-oxobutanoate =&gt; isoleucine	K01652+(K01653,K11258) K00053 K01687 K00826	 map00290  map00770  map01210  map01230  map01100  map01110
M00020	Serine biosynthesis, glycerate-3P =&gt; serine	K00058 K00831 (K01079,K02203,K22305,K25528)	 map00260  map00680  map01200  map01230  map01100
M00021	Cysteine biosynthesis, serine =&gt; cysteine	(K00640,K23304) (K01738,K13034,K17069)	 map00270  map00920  map01200  map01230  map01100  map01110
M00022	Shikimate pathway, phosphoenolpyruvate + erythrose-4P =&gt; chorismate	(K01626,K03856,K13853) (((K01735,K13829) ((K03785,K03786) K00014,K13832)),K13830) ((K00891,K13829) (K00800,K24018),K13830) K01736	 map00400  map01230  map01100  map01110
M00023	Tryptophan biosynthesis, chorismate =&gt; tryptophan	(((K01657+K01658,K13503,K13501,K01656) K00766),K13497) (((K01817,K24017) (K01656,K01609)),K13498,K13501) (K01695+(K01696,K06001),K01694)	 map00400  map01230  map01100  map01110
M00024	Phenylalanine biosynthesis, chorismate =&gt; phenylpyruvate =&gt; phenylalanine	((K01850,K04092,K14187,K04093,K04516,K06208,K06209) (K01713,K04518,K05359),K14170) (K00832,K00838)	 map00400  map01230  map01100  map01110
M00025	Tyrosine biosynthesis, chorismate =&gt; HPP =&gt; tyrosine	(((K01850,K04092,K14170,K04093,K04516,K06208,K06209) (K04517,K00211)),K14187) (K00832,K00838)	 map00400  map01230  map01100
M00026	Histidine biosynthesis, PRPP =&gt; histidine	(K00765-K02502) (K01523 K01496,K11755,K14152) (K01814,K24017) (K02501+K02500,K01663) ((K01693 K00817 (K04486,K05602,K18649)),(K01089 K00817)) (K00013,K14152)	 map00340  map01230  map01100  map01110
M00027	GABA (gamma-Aminobutyrate) shunt	K01580 (K13524,K07250,K00823,K16871) (K00135,K00139,K17761)	 map00250  map00650  map01100
M00028	Ornithine biosynthesis, glutamate =&gt; ornithine	(K00618,K00619,K14681,K14682,K00620,K22477,K22478) ((K00930,K22478) K00145,K12659) (K00818,K00821) (K01438,K14677,K00620)	 map00220  map01210  map01230  map01100
M00029	Urea cycle	K01948 K00611 K01940 (K01755,K14681) K01476	 map00220  map01230  map01100
M00030	Lysine biosynthesis, AAA pathway, 2-oxoglutarate =&gt; 2-aminoadipate =&gt; lysine	K01655 K17450 K01705 K05824 K00838 K00143 (K00293,K24034) K00290	 map00300  map01230  map01100
M00031	Lysine biosynthesis, mediated by LysW, 2-aminoadipate =&gt; lysine	K05826K05827 K05828 K05829 K05830 K05831	 map00300  map01210  map01230  map01100
M00032	Lysine degradation, lysine =&gt; saccharopine =&gt; acetoacetyl-CoA	K14157 K14085 K00825 (K15791+K00658+K00382) K00252 (K07514,(K07515,K07511) K00022)	 map00310  map01100
M00033	Ectoine biosynthesis, aspartate =&gt; ectoine	K00928 K00133 K00836 K06718 K06720	 map00260  map01210  map01230  map01100  map01120
M00034	Methionine salvage pathway	K00789 K01611 K00797 ((K01243,K01244) K00899,(K00772,K05810)) K08963 (K16054,K08964 (K09880,K08965 K08966)) K08967 (K00815,K08969,K23977,K00832,K00838)	 map00270  map01100
M00035	Methionine degradation	K00789 (K00558,K17398,K17399) K01251 (K01697,K10150)	 map00270  map01100
M00036	Leucine degradation, leucine =&gt; acetoacetate + acetyl-CoA	K00826 ((K00166+K00167,K11381)+K09699+K00382) (K00253,K00249) (K01968+K01969) (K05607,K13766) K01640	 map00280  map01100
M00037	Melatonin biosynthesis, animals, tryptophan =&gt; serotonin =&gt; melatonin	K00502 K01593 K00669 K00543	 map00380  map01100
M00038	Tryptophan metabolism, tryptophan =&gt; kynurenine =&gt; 2-aminomuconate	(K00453,K00463) (K01432,K14263,K07130) K00486 K01556 K00452 K03392 (K10217,K23234)	 map00380  map01100
M00039	Monolignol biosynthesis, phenylalanine/tyrosine =&gt; monolignol	(K10775,K13064) K00487 K01904 K13065 K09754 K00588 K09753 K09755 K13066 (K00083,K22395)	 map00940  map01100  map01110
M00040	Tyrosine biosynthesis, chorismate =&gt; arogenate =&gt; tyrosine	(K01850,K04092,K14170) (K00832,K15849) (K00220,K24018,K15227)	 map00400  map01230  map01100  map01110
			
M00042	Catecholamine biosynthesis, tyrosine =&gt; dopamine =&gt; noradrenaline =&gt; adrenaline	(K00505,K00501) K01593 K00503 K00553	 map00350  map01100
M00043	Thyroid hormone biosynthesis, tyrosine =&gt; triiodothyronine/thyroxine	K00431	 map00350  map01100
M00044	Tyrosine degradation, tyrosine =&gt; homogentisate	(K00815,K00838,K00832,K03334) K00457 K00451 K01800 (K01555,K16171)	 map00350  map01100
M00045	Histidine degradation, histidine =&gt; N-formiminoglutamate =&gt; glutamate	K01745 K01712 K01468 (K01479,K00603,K13990,(K05603 K01458))	 map00340  map01100
M00046	Pyrimidine degradation, uracil =&gt; beta-alanine, thymine =&gt; 3-aminoisobutanoate	(K00207,K17722+K17723) K01464 (K01431,K06016)	 map00240  map01100
M00047	Creatine pathway	K00613 K00542 K00933	 map00330  map01100
M00048	De novo purine biosynthesis, PRPP + glutamine =&gt; IMP	K00764 (K01945,K11787,K11788,K13713) (K00601,K11175,K08289,K11787,K01492) (K01952,(K23269+K23264+K23265),(K23270+K23265)) (K01933,K11787,K11788 (K01587,K11808,K01589 K01588)) (K01923,K01587,K13713) K01756 (K00602,(K01492,K06863 K11176))	 map00230  map01100
M00049	Adenine ribonucleotide biosynthesis, IMP =&gt; ADP,ATP	K01939 K01756 (K00939,K18532,K18533,K00944) K00940	 map00230  map01232  map01240  map01100
M00050	Guanine ribonucleotide biosynthesis, IMP =&gt; GDP,GTP	K00088 K01951 K00942 (K00940,K18533)	 map00230  map01232  map01100
M00051	De novo pyrimidine biosynthesis, glutamine (+ PRPP) =&gt; UMP	(K11540,(K11541 K01465),((K01954,K01955+K01956) (K00609+K00610,K00608) K01465)) (K00226,K00254,K17828) (K13421,K00762 K01591)	 map00240  map01240  map01100
M00052	Pyrimidine ribonucleotide biosynthesis, UMP =&gt; UDP/UTP,CDP/CTP	(K13800,K13809,K09903) (K00940,K18533) K01937	 map00240  map01232  map01240  map01100
M00053	Deoxyribonucleotide biosynthesis, ADP/GDP/CDP/UDP =&gt; dATP/dGTP/dCTP/dUTP	(K00525+K00526,K10807+K10808) (K00940,K18533)	 map00230  map00240  map01232  map01100
			
M00055	N-glycan precursor biosynthesis	K01001 (K07432+K07441) K03842 K03843 K03844 K03845 K03846 K03847 K03846 K00729 K03848 K03849 K03850	 map00510  map01100
M00056	O-glycan biosynthesis, mucin type core	K00710 (K00731,K09653) (K00727,K09662,K09663) K00739	 map00512  map01100
M00057	Glycosaminoglycan biosynthesis, linkage tetrasaccharide	K00771 K00733 K00734 K10158	 map00532  map00534  map01100
M00058	Glycosaminoglycan biosynthesis, chondroitin sulfate backbone	K00746 (K13499,K00747,K03419)	 map00532  map01100
M00059	Glycosaminoglycan biosynthesis, heparan sulfate backbone	(K02369,K02370) (K02366,K02367) (K02368,K02370) (K02576,K02577,K02578,K02579) K01793	 map00534  map01100
M00060	KDO2-lipid A biosynthesis, Raetz pathway, LpxL-LpxM type	K00677 K02535 K02536 (K03269,K09949) K00748 K00912 K02527 K02517 K02560	 map00540  map01100
M00061	D-Glucuronate degradation, D-glucuronate =&gt; pyruvate + D-glyceraldehyde 3P	K01812 K00040 (K01686,K08323) K00874 (K01625,K17463)	 map00040  map00030  map01100
			
M00063	CMP-KDO biosynthesis	K06041 K01627 K03270 K00979	 map00540  map01250  map01100
M00064	ADP-L-glycero-D-manno-heptose biosynthesis	K03271 (K03272,K21344) K03273 (K03272,K21345) K03274	 map00540  map01250  map01100
M00065	GPI-anchor biosynthesis, core oligosaccharide	(K03857+K03859+K03858+K03861+K03860+(K11001,K11002)-K09658) K03434 K05283 (K05284+K07541) K07542 K05285 K05286 (K05288+K05287) (K05310+K05287)	 map00563  map01100
M00066	Lactosylceramide biosynthesis	K00720 (K07553,K09905)	 map00600  map01100
M00067	Sulfoglycolipids biosynthesis, ceramide/1-alkyl-2-acylglycerol =&gt; sulfatide/seminolipid	K04628 K01019	 map00600  map00565  map01100
M00068	Glycosphingolipid biosynthesis, globo-series, LacCer =&gt; Gb4Cer	K01988 K00719	 map00603  map01100
M00069	Glycosphingolipid biosynthesis, ganglio series, LacCer =&gt; GT3	K03370 (K03371,K03369)	 map00604  map01100
M00070	Glycosphingolipid biosynthesis, lacto-series, LacCer =&gt; Lc4Cer	K03766 (K07819,K07820,K03877)	 map00601  map01100
M00071	Glycosphingolipid biosynthesis, neolacto-series, LacCer =&gt; nLc4Cer	K03766 (K07966,K07967,K07968,K07969)	 map00601  map01100
M00072	N-glycosylation by oligosaccharyltransferase	K07151+K12666+K12667+K12668+K12669+K12670-K00730-K12691	 map00510  map00513  map01100
M00073	N-glycan precursor trimming	K01228 K05546 K23741 K01230	 map00510  map01100
M00074	N-glycan biosynthesis, high-mannose type	K05546 K23741 K01230 K05528 K05529+K05530 K05529+K05531+K05532+K05533+K05534 K05535	 map00510  map00513  map01100
M00075	N-glycan biosynthesis, complex type	K01231 K00736K00737K00738 (K00744,K09661) K13748K00717 (K07966,K07967,K07968) (K00778,K00779)	 map00510  map01100
M00076	Dermatan sulfate degradation	-- K01136 K01217 K01135 K01197 K01195	 map00531  map01100
M00077	Chondroitin sulfate degradation	K01135 K01197 K01195 K01132	 map00531  map01100
M00078	Heparan sulfate degradation	(K07964,K07965) K01136 K01217 K01565 K10532 K01205 -- K01195 K01137	 map00531  map01100
M00079	Keratan sulfate degradation	-- K01132 K12309 K01137 K12373	 map00531  map01100
			
M00081	Pectin degradation	K01051 K01184 K01213	 map00040  map01100
M00082	Fatty acid biosynthesis, initiation	(K11262,(K02160+K01961,K11263)+(K01962+K01963,K18472)) (K00665,K00667+K00668,K11533,(K00645 (K00648,K18473)))	 map00061  map01212  map01100
M00083	Fatty acid biosynthesis, elongation	K00665,(K00667 K00668),K11533,((K00647,K09458) K00059 (K02372,K01716,K16363) (K00208,K02371,K10780,K00209))	 map00061  map01212  map01100
			
M00085	Fatty acid elongation in mitochondria	(K07508,K07509) (K00022 K07511,K07515) K07512	 map00062  map01212  map01100
M00086	beta-Oxidation, acyl-CoA synthesis	K01897,K15013	 map00061  map00071  map01212  map01100
M00087	beta-Oxidation	(K00232,K00249,K00255,K06445,K09479) (((K01692,K07511,K13767) (K00022,K07516)),K01825,K01782,K07514,K07515,K10527) (K00632,K07508,K07509,K07513)	 map00071  map01212  map01100
M00088	Ketone body biosynthesis, acetyl-CoA =&gt; acetoacetate/3-hydroxybutyrate/acetone	K00626 K01641 K01640K00019K01574	 map00650  map01100
M00089	Triacylglycerol biosynthesis	(K00629,K13506,K13507,K00630,K13508) (K00655,K13509,K13523,K19007,K13513,K13517,K13519,K14674,K22831) (K01080,K15728,K18693) (K11155,K11160,K14456,K22848,K22849)	 map00561  map01100
M00090	Phosphatidylcholine (PC) biosynthesis, choline =&gt; PC	(K00866,K14156) K00968 (K00994,K13644)	 map00564  map01100
M00091	Phosphatidylcholine (PC) biosynthesis, PE =&gt; PC	K00551,(K16369 K00550),K00570	 map00564  map01100
M00092	Phosphatidylethanolamine (PE) biosynthesis, ethanolamine =&gt; PE	(K00894,K14156) K00967 (K00993,K13644)	 map00564  map01100
M00093	Phosphatidylethanolamine (PE) biosynthesis, PA =&gt; PS =&gt; PE	K00981 (K00998,K17103) K01613	 map00564  map01100
M00094	Ceramide biosynthesis	K00654 K04708 (K04709,K04710,K24621,K24622,K23727) K04712	 map00600  map01100
M00095	C5 isoprenoid biosynthesis, mevalonate pathway	K00626 K01641 K00021 K00869 (K00938,K13273) K01597 K01823	 map00900  map01100  map01110
M00096	C5 isoprenoid biosynthesis, non-mevalonate pathway	K01662 K00099 (K00991,K12506) K00919 (K01770,K12506) K03526 K03527 K01823	 map00900  map01100  map01110
M00097	beta-Carotene biosynthesis, GGAP =&gt; beta-carotene	K02291 K02293 K15744 K00514 K09835 K06443	 map00906  map01100  map01110
M00098	Acylglycerol degradation	(K01046,K12298,K16816,K13534,K14073,K14074,K14075,K14076,K22283,K14452,K22284,K14674,K14675,K17900) (K01054,K25824)	 map00561  map01100
M00099	Sphingosine biosynthesis	K00654 K04708 (K04709,K04710,K24621,K24622,K23727) K04712 (K01441,K12348,K12349)	 map00600  map01100
M00100	Sphingosine degradation	K04718 K01634	 map00600  map01100
M00101	Cholesterol biosynthesis, squalene 2,3-epoxide =&gt; cholesterol	K01852 K05917 K00222 K07750 K07748 K13373 K09828 K01824 K00227 K00213	 map00100  map01100
M00102	Ergocalciferol biosynthesis, squalene 2,3-epoxide =&gt; ergosterol/ergocalciferol	K01852 K05917 K00222 K07750 K07748 K09827 K00559 K09829 K00227 K09831 K00223	 map00100  map01100  map01110
M00103	Cholecalciferol biosynthesis	K07419 K07438	 map00100  map01100
M00104	Bile acid biosynthesis, cholesterol =&gt; cholate/chenodeoxycholate	K00489 K12408 K07431 K00251 K00037 K00488 K08748 K01796 K10214 K12405 K08764 K11992	 map00120  map01100
			
M00106	Conjugated bile acid biosynthesis, cholate =&gt; taurocholate/glycocholate	K08748 K00659	 map00120  map01100
M00107	Steroid hormone biosynthesis, cholesterol =&gt; pregnenolone =&gt; progesterone	K00498 K00070	 map00140  map01100
M00108	C21-Steroid hormone biosynthesis, progesterone =&gt; corticosterone/aldosterone	K00513 (K00497,K07433) K07433	 map00140  map01100
M00109	C21-Steroid hormone biosynthesis, progesterone =&gt; cortisol/cortisone	K00512 K00513 K00497 (K15680,K00071)	 map00140  map01100
M00110	C19/C18-Steroid hormone biosynthesis, pregnenolone =&gt; androstenedione =&gt; estrone	K00512 K00070 K07434	 map00140  map01100
			
M00112	Tocopherol/tocotorienol biosynthesis, homogentisate + phytyl/geranylgeranyl-PP =&gt; tocopherol/tocotorienol	K09833 (K12502,K18534) K09834 K05928	 map00130  map01240  map01100  map01110
M00113	Jasmonic acid biosynthesis	K00454 K01723 K10525 K05894 K10526 K00232 K10527 K07513 --	 map00592  map01100  map01110
M00114	Ascorbate biosynthesis, plants, fructose-6P =&gt; ascorbate	K01809 K17497 K00966 K10046 K14190 K10047 K17744 K00225	 map00051  map00053  map01240  map01100  map01110
M00115	NAD biosynthesis, aspartate =&gt; quinolinate =&gt; NAD	(K00278,K06989) K03517 K00767 (K00969,K06210) (K01916,K01950)	 map00760  map01240  map01100
M00116	Menaquinone biosynthesis, chorismate (+ polyprenyl-PP) =&gt; menaquinol	K02552 K02551 K08680 K02549 K01911 K01661 K19222 K02548 K03183	 map00130  map01240  map01100  map01110
M00117	Ubiquinone biosynthesis, prokaryotes, chorismate (+ polyprenyl-PP) =&gt; ubiquinol	(K03181,K18240) K03179 (K03182+K03186) K18800 K00568 K03185 K03183 (K03184,K06134) K00568	 map00130  map01240  map01100  map01110
M00118	Glutathione biosynthesis, glutamate =&gt; glutathione	(K11204+K11205,K01919) (K21456,K01920)	 map00480  map01240  map01100
M00119	Pantothenate biosynthesis, valine/L-aspartate =&gt; pantothenate	K00826 K00606 K00077K01579(K01918,K13799)	 map00770  map01240  map01100  map01110
M00120	Coenzyme A biosynthesis, pantothenate =&gt; CoA	(K00867,K03525,K01947,K09680) ((K01922,K21977) K01598,K13038) (K02318,(K00954,K02201) K00859)	 map00770  map01240  map01100
M00121	Heme biosynthesis, plants and bacteria, glutamate =&gt; heme	K01885 K02492 K01845 K01698 K01749 (K01719,K13542,K13543) K01599 (K00228,K02495) (K00230,K00231,K08973) K01772	 map00860  map01240  map01100  map01110
M00122	Cobalamin biosynthesis, cobyrinate a,c-diamide =&gt; cobalamin	(K00798,K19221) K02232 (K02225,K02227) K02231K00768 (K02226,K22316)K02233	 map00860  map01240  map01100
M00123	Biotin biosynthesis, pimeloyl-ACP/CoA =&gt; biotin	K00652 ((K00833,K19563) K01935,K19562) K01012	 map00780  map01240  map01100
M00124	Pyridoxal-P biosynthesis, erythrose-4P =&gt; pyridoxal-P	K03472 K03473 K00831 K00097 K03474 K00275	 map00750  map01240  map01100
M00125	Riboflavin biosynthesis, plants and bacteria, GTP =&gt; riboflavin/FMN/FAD	(K01497,K14652) (K01498 K00082,K11752) (K22912,K20860,K20861,K20862,K21063,K21064)(K02858,K14652)K00794 K00793 (K20884 K22949,K11753)	 map00740  map01240  map01100  map01110
M00126	Tetrahydrofolate biosynthesis, GTP =&gt; THF	(K01495,K09007,K22391) (K01077,K01113,(K08310,K19965)) ((K13939,(K13940,K01633 K00950) K00796),(K01633 K13941)) (K11754,K20457) (K00287,K13998)	 map00790  map00670  map01240  map01100
M00127	Thiamine biosynthesis, prokaryotes, AIR (+ DXP/tyrosine) =&gt; TMP/TPP	K03148+K03154 K03151K03150 K03149K03147 ((K00941 K00788),K14153,K21219) K00946	 map00730  map01240  map01100
M00128	Ubiquinone biosynthesis, eukaryotes, 4-hydroxybenzoate + polyprenyl-PP =&gt; ubiquinol	K06125 K06126 K00591 -- -- K06127 K06134 K00591	 map00130  map01240  map01100
M00129	Ascorbate biosynthesis, animals, glucose-1P =&gt; ascorbate	K00963 K00012 K00699 K01195 K00002 K01053 K00103	 map00040  map00053  map01240  map01100
M00130	Inositol phosphate metabolism, PI=&gt; PIP2 =&gt; Ins(1,4,5)P3 =&gt; Ins(1,3,4,5)P4	(K00888,K19801,K13711) (K00889,K13712) (K01116,K05857,K05858,K05859,K05860,K05861) K00911	 map00562  map01100
M00131	Inositol phosphate metabolism, Ins(1,3,4,5)P4 =&gt; Ins(1,3,4)P3 =&gt; myo-inositol	K01106 K01107 K01109 K01092	 map00562  map01100
M00132	Inositol phosphate metabolism, Ins(1,3,4)P3 =&gt; phytate	(K00913,K01765) K00915 K10572	 map00562  map01100
M00133	Polyamine biosynthesis, arginine =&gt; agmatine =&gt; putrescine =&gt; spermidine	(K01583,K01584,K01585,K02626) K01480K01611K00797	 map00330  map01100
M00134	Polyamine biosynthesis, arginine =&gt; ornithine =&gt; putrescine	K01476 K01581	 map00330  map01100
M00135	GABA biosynthesis, eukaryotes, putrescine =&gt; GABA	K00657 K00274 (K00128,K14085,K00149) --	 map00330  map01100
M00136	GABA biosynthesis, prokaryotes, putrescine =&gt; GABA	K09470 K09471 K09472 K09473	 map00330  map01100
M00137	Flavanone biosynthesis, phenylalanine =&gt; naringenin	K10775 K00487 K01904 K00660 K01859	 map00940  map00941  map01100  map01110
M00138	Flavonoid biosynthesis, naringenin =&gt; pelargonidin	K00475 K13082 K05277	 map00941  map01100  map01110
			
M00140	C1-unit interconversion, prokaryotes	K00600 (K01491,(K00300 K01500)) K01938	 map00670  map01240  map01100
M00141	C1-unit interconversion, eukaryotes	K00600 (K00288,(K13403 K13402))	 map00670  map01240  map01100
M00142	NADH:ubiquinone oxidoreductase, mitochondria	K03878+K03879+K03880+K03881+K03882+K03883+K03884	 map00190
M00143	NADH dehydrogenase (ubiquinone) Fe-S protein/flavoprotein complex, mitochondria	K03934+K03935+K03936+K03937+K03938+K03939+K03940+K03941+K03942+K03943-K03944	 map00190
M00144	NADH:quinone oxidoreductase, prokaryotes	K00330+(K00331+K00332+K00333,K00331+K13378,K13380)+K00334+K00335+K00336+K00337+K00338+K00339+K00340+(K00341+K00342)+K00343	 map00190
M00145	NAD(P)H:quinone oxidoreductase, chloroplasts and cyanobacteria	K05574+K05582+K05581+K05579+K05572+K05580+K05578+K05576+K05577+K05575+K05573-K05583-K05584-K05585	 map00190
M00146	NADH dehydrogenase (ubiquinone) 1 alpha subcomplex	K03945+K03946+K03947+K03948+K03949+K03950+K03951+K03952+K03953+K03954+K03955+K03956+K11352+K11353	 map00190
M00147	NADH dehydrogenase (ubiquinone) 1 beta subcomplex	K03957+K03958+K03959+K03960+K03961+K03962+K03963+K03964+K03965+K03966+K11351+K03967+K03968	 map00190
M00148	Succinate dehydrogenase (ubiquinone)	K00236+(K00237,K25801)+K00234+K00235	 map00190
M00149	Succinate dehydrogenase, prokaryotes	K00241+(K00242,K18859,K18860)+K00239+K00240	 map00190
M00150	Fumarate reductase, prokaryotes	K00244+K00245+K00246+K00247	 map00190
M00151	Cytochrome bc1 complex respiratory unit	((K00412+K00413,K00410)+K00411),K03886+K03887+K03888,K03890+K03891+K03889	 map00190
M00152	Cytochrome bc1 complex	K00411+K00412+K00413+K00414+K00415+K00416+K00417+K00418+K00419+K00420	 map00190
M00153	Cytochrome bd ubiquinol oxidase	K00425+K00426+(K00424,K22501)	 map00190
M00154	Cytochrome c oxidase	(K02257+K02262+K02256+K02261+K02263+K02264+K02265+K02266+K02267+K02268+K02270-K02271+K02272-K02273+K02258+K02259+K02260)	 map00190
M00155	Cytochrome c oxidase, prokaryotes	K02275+(K02274+K02276,K15408)-K02277	 map00190
M00156	Cytochrome c oxidase, cbb3-type	((K00404+K00405,K15862)+K00407+K00406)	 map00190
M00157	F-type ATPase, prokaryotes and chloroplasts	K02111+K02112+K02113+K02114+K02115+K02108+K02109+K02110	 map00190  map00195
M00158	F-type ATPase, eukaryotes	K02132+K02133+K02136+K02134+K02135+K02137+K02126+K02127+K02128+K02138+(K02129,K01549)+(K02130,K02139)+K02140+(K02141,K02131)-K02142-K02143+K02125	 map00190
M00159	V/A-type ATPase, prokaryotes	K02117+K02118+K02119+K02120+K02121+K02122+K02107+K02123+K02124	 map00190
M00160	V-type ATPase, eukaryotes	K02145+K02147+K02148+K02149+K02150+K02151+K02152+K02144+K02154+(K03661,K02155)+K02146+K02153+K03662	 map00190
M00161	Photosystem II	K02703+K02706+K02705+K02704+K02707+K02708	 map00195
M00162	Cytochrome b6f complex	K02635+K02637+K02634+K02636+K02642+K02643+K03689+K02640	 map00195
M00163	Photosystem I	K02689+K02690+K02691+K02692+K02693+K02694	 map00195
			
M00165	Reductive pentose phosphate cycle (Calvin cycle)	K00855 (K01601-K01602) K00927 (K05298,K00150,K00134) (K01623,K01624) (K03841,K02446,K11532,K01086) K00615 (K01623,K01624) (K01100,K11532,K01086) K00615 (K01807,K01808)	 map00710  map01200  map01100  map01120
M00166	Reductive pentose phosphate cycle, ribulose-5P =&gt; glyceraldehyde-3P	K00855 (K01601-K01602) K00927 (K05298,K00150,K00134)	 map00710  map01200  map01100  map01120
M00167	Reductive pentose phosphate cycle, glyceraldehyde-3P =&gt; ribulose-5P	(K01623,K01624) (K03841,K02446,K11532,K01086) K00615 (K01623,K01624) (K01100,K11532,K01086) K00615 (K01807,K01808)	 map00710  map01200  map01100  map01120
M00168	CAM (Crassulacean acid metabolism), dark	K01595 (K00025,K00026,K00024)	 map00620  map00710  map01200  map01100  map01120
M00169	CAM (Crassulacean acid metabolism), light	K00029 K01006	 map00620  map00710  map01200  map01100  map01120
M00170	C4-dicarboxylic acid cycle, phosphoenolpyruvate carboxykinase type	K01595 K14454 K14455 K01610	 map00710  map01200  map01100  map01120
M00171	C4-dicarboxylic acid cycle, NAD - malic enzyme type	K01595 K14454 K14455 (K00025,K00026) K00028 (K00814,K14272) K01006	 map00710  map01200  map01100  map01120
M00172	C4-dicarboxylic acid cycle, NADP - malic enzyme type	K01595 K00051 K00029 K01006	 map00620  map00710  map01200  map01100  map01120
M00173	Reductive citrate cycle (Arnon-Buchanan cycle)	(K00169+K00170+K00171+K00172,K03737) ((K01007,K01006) K01595,K01959+K01960,K01958) K00024 (K01676,K01679,K01677+K01678) (K00239+K00240-K00241-K00242,K00244+K00245-K00246-K00247,K18556+K18557+K18558+K18559+K18560) (K01902+K01903) (K00174+K00175-K00177-K00176) K00031 (K01681,K01682) (K15230+K15231,K15232+K15233 K15234)	 map00720  map01200  map01100  map01120
M00174	Methane oxidation, methanotroph, methane =&gt; formaldehyde	((K10944+K10945+K10946),(K16157+K16158+K16159+K16160+K16161+K16162)) ((K14028-K14029),K23995)	 map00680  map01200  map01220  map01100  map01120
M00175	Nitrogen fixation, nitrogen =&gt; ammonia	K02588+K02586+K02591-K00531,K22896+K22897+K22898+K22899	 map00910  map01100  map01120
M00176	Assimilatory sulfate reduction, sulfate =&gt; H2S	(K13811,K00958+K00860,K00955+K00957,K00956+K00957+K00860) K00390 (K00380+K00381,K00392)	 map00920  map01100  map01120
			
			
			
			
			
			
			
			
			
			
			
			
			
			
			
			
			
			
			
			
			
			
			
			
			
			
			
			
			
			
			
			
			
			
			
			
			
			
			
			
			
			
			
			
			
			
			
			
			
			
			
			
			
			
			
			
			
			
			
			
			
			
			
			
			
			
			
			
			
			
			
			
			
			
			
			
			
			
			
			
			
			
			
			
			
			
			
			
			
			
			
			
			
			
			
			
			
			
			
			
			
			
			
			
			
			
			
			
			
			
			
			
			
			
			
			
			
			
			
			
			
			
			
			
			
			
			
			
			
			
M00307	Pyruvate oxidation, pyruvate =&gt; acetyl-CoA	((K00163,K00161+K00162)+K00627+K00382-K13997),K00169+K00170+K00171+(K00172,K00189),K03737	 map00010  map00020  map00620  map01200  map01100
M00308	Semi-phosphorylative Entner-Doudoroff pathway, gluconate =&gt; glycerate-3P	K05308 K00874 K01625 (K00134 K00927,K00131,K18978)	 map00030  map01200  map01100  map01120
M00309	Non-phosphorylative Entner-Doudoroff pathway, gluconate/galactonate =&gt; glycerate	K05308 (K11395,K18127) (K18020+K18021+K18022,K18128,K03738)	 map00030  map00052  map01200  map01100  map01120
			
			
			
			
			
			
			
			
			
			
			
			
			
			
			
			
			
			
			
			
			
			
			
			
			
			
			
			
M00338	Cysteine biosynthesis, homocysteine + serine =&gt; cysteine	(K01697,K10150) K01758	 map00260  map00270  map01230  map01100
			
			
			
			
			
M00344	Formaldehyde assimilation, xylulose monophosphate pathway	K17100 K00863 K01624 K03841	 map00680  map01200  map01100  map01120
M00345	Formaldehyde assimilation, ribulose monophosphate pathway	(((K08093,K13812) K08094),K13831) (K00850,K16370) K01624	 map00030  map00680  map01200  map01230  map01100  map01120
M00346	Formaldehyde assimilation, serine pathway	K00600 K00830 K00018 K11529 K01689 K01595 K00024 K08692+K14067 K08691	 map00680  map01200  map01100  map01120
			
			
			
			
			
			
			
			
			
M00356	Methanogenesis, methanol =&gt; methane	K14080+K04480+K14081 K00399+K00401+K00402 (K22480+K22481+K22482,K03388+K03389+K03390,K08264+K08265,K03388+K03389+K03390+K14127+(K14126+K14128,K22516+K00125))	 map00680  map01200  map01100  map01120
M00357	Methanogenesis, acetate =&gt; methane	((K00925 K00625),K01895) (K00193+K00197+K00194) (K00577+K00578+K00579+K00580+K00581-K00582-K00583+K00584) (K00399+K00401+K00402) (K22480+K22481+K22482,K03388+K03389+K03390,K08264+K08265,K03388+K03389+K03390+K14127+(K14126+K14128,K22516+K00125))	 map00680  map01200  map01100  map01120
M00358	Coenzyme M biosynthesis	K08097 K05979 K05884 K13039+K06034	 map00680  map01240  map01100  map01120
			
			
			
			
M00363	EHEC pathogenicity signature, Shiga toxin	K11006 K11007	 map05130  map05131
M00364	C10-C20 isoprenoid biosynthesis, bacteria	K01823 (K00795,K13789,K13787)	 map00900  map01100  map01110
M00365	C10-C20 isoprenoid biosynthesis, archaea	K01823 K13787	 map00900  map01100  map01110
M00366	C10-C20 isoprenoid biosynthesis, plants	K01823 K14066 K00787 K13789	 map00900  map01100  map01110
M00367	C10-C20 isoprenoid biosynthesis, non-plant eukaryotes	K01823 K00787 K00804	 map00900  map01100  map01110
M00368	Ethylene biosynthesis, methionine =&gt; ethylene	K00789 (K01762,K20772) K05933	 map00270  map01100  map01110
M00369	Cyanogenic glycoside biosynthesis, tyrosine =&gt; dhurrin	K13027 K13029 K13030	 map00460  map01100  map01110
M00370	Glucosinolate biosynthesis, tryptophan =&gt; glucobrassicin	(K11812,K11813) K11818 K11819 K11820 K11821	 map00380  map00966  map01210  map01100  map01110
M00371	Castasterone biosynthesis, campesterol =&gt; castasterone	(K09587,K12639) K09588 K09591 (K12637,K12638) K20623 (K09590,K12640,K25959)	 map00905  map01100  map01110
M00372	Abscisic acid biosynthesis, beta-carotene =&gt; abscisic acid	(K15746,K15747) K09838 -K14594 K09840 K09841 K09842	 map00906  map01100  map01110
M00373	Ethylmalonyl pathway	K00626 K00023 K17865 K14446 K14447 K14448 K14449 K08691 K14451K01965+K01966 K05606 K01847	 map00630  map01200  map01100  map01120
M00374	Dicarboxylate-hydroxybutyrate cycle	(K00169+K00170+K00171+K00172) K01007 K01595 K00024 (K01677+K01678) (K00239+K00240-K00241-K18860) (K01902+K01903) (K15038,K15017) K14465 (K14467,K18861) K14534 K15016 K00626	 map00720  map01200  map01100  map01120
M00375	Hydroxypropionate-hydroxybutylate cycle	(K01964+K15037+K15036) K15017 K15039 K15018 K15019 K15020 K05606 (K01848+K01849) (K15038,K15017) K14465 (K14466,K18861) K14534 K15016 K00626	 map00720  map01200  map01100  map01120
M00376	3-Hydroxypropionate bi-cycle	(K02160+K01961+K01962+K01963) K14468 K14469 K15052 K05606 (K01847,K01848+K01849) (K14471+K14472) (K00239+K00240+K00241) K01679K08691 K14449 K14470 K09709	 map00720  map01200  map01100  map01120
M00377	Reductive acetyl-CoA pathway (Wood-Ljungdahl pathway)	K00198 (K05299-K15022,K22015+K25123+K25124) K01938 K01491-K01500 K00297-K25007-K25008 K15023 K14138+K00197+K00194	 map00720  map01200  map01100  map01120
M00378	F420 biosynthesis, archaea	K11780+K11781K14941K11212 K12234	 map00680  map01240  map01100  map01120
			
			
			
			
			
			
			
			
			
			
			
			
			
			
			
			
			
			
			
			
			
			
			
			
			
			
			
			
			
			
			
			
			
			
			
			
M00415	Fatty acid elongation in endoplasmic reticulum	(K10247,K10205,K10248,K10249,K10244,K10203,K10250,K15397,K10245,K10246) K10251 K10703 K10258	 map00062  map01040  map01212  map01100
M00416	Cytochrome aa3-600 menaquinol oxidase	K02827+K02826+K02828+K02829	 map00190
M00417	Cytochrome o ubiquinol oxidase	K02297+K02298+K02299+K02300	 map00190
M00418	Toluene degradation, anaerobic, toluene =&gt; benzoyl-CoA	K07540 K07543+K07544 K07545 K07546 K07547+K07548 K07549+K07550	 map00623  map01220  map01100  map01120
M00419	Cymene degradation, p-cymene =&gt; p-cumate	K10616+K18293 K10617 K10618	 map00622  map01220  map01100  map01120
			
			
M00422	Acetyl-CoA pathway, CO2 =&gt; acetyl-CoA	K00192+K00195 K00193+K00197+K00194	 map00680  map01200  map01100  map01120
			
			
			
			
			
			
			
			
			
M00432	Leucine biosynthesis, 2-oxoisovalerate =&gt; 2-oxoisocaproate	K01649 (K01702,K01703+K01704) K00052	 map00290  map01210  map01230  map01100  map01110
M00433	Lysine biosynthesis, 2-oxoglutarate =&gt; 2-oxoadipate	K01655 (K17450 K01705,K16792+K16793) K05824	 map00300  map01210  map01230  map01100
			
			
			
			
			
			
			
			
			
			
			
			
			
			
			
			
			
			
			
			
			
			
			
			
			
			
			
			
			
			
			
			
			
			
			
			
			
			
			
			
			
			
			
			
			
			
			
			
			
			
			
			
			
			
			
			
			
			
			
			
			
			
			
			
			
			
			
			
			
			
			
			
			
			
			
			
			
			
			
			
			
			
			
			
			
			
			
			
			
			
			
M00525	Lysine biosynthesis, acetyl-DAP pathway, aspartate =&gt; lysine	K00928 K00133 K01714 K00215 K05822 K00841 K05823 K01778 K01586	 map00300  map01230  map01100
M00526	Lysine biosynthesis, DAP dehydrogenase pathway, aspartate =&gt; lysine	(K00928,K12524,K12525,K12526) K00133 K01714 K00215 K03340 (K01586,K12526)	 map00300  map01230  map01100
M00527	Lysine biosynthesis, DAP aminotransferase pathway, aspartate =&gt; lysine	(K00928,K12524,K12525,K12526) K00133 K01714 K00215 K10206 K01778 (K01586,K12526)	 map00300  map01230  map01100  map01110
M00528	Nitrification, ammonia =&gt; nitrite	K10944+K10945+K10946 K10535	 map00910  map01100  map01120
M00529	Denitrification, nitrate =&gt; nitrogen	(K00370+K00371+K00374,K02567+K02568) (K00368,K15864) (K04561+K02305) K00376	 map00910  map01100  map01120
M00530	Dissimilatory nitrate reduction, nitrate =&gt; ammonia	(K00370+K00371+K00374,K02567+K02568) (K00362+K00363,K03385+K15876)	 map00910  map01100  map01120
M00531	Assimilatory nitrate reduction, nitrate =&gt; ammonia	(K00367,K10534,K00372-K00360) (K00366,K17877,K26139+K26138,K00361)	 map00910  map01100  map01120
M00532	Photorespiration	(K01601-K01602) K19269 K11517 K03781 K14272 K00600 K00830 (K15893,K15919) K15918K00281+K00605+K00382+K02437	 map00630  map01200  map01100  map01110
M00533	Homoprotocatechuate degradation, homoprotocatechuate =&gt; 2-oxohept-3-enedioate	K00455 K00151 K01826 K05921	 map00350  map01220  map01100  map01120
M00534	Naphthalene degradation, naphthalene =&gt; salicylate	K14579+K14580+K14578+K14581 K14582 K14583 K14584 K14585 K00152	 map00626  map01220  map01100  map01120
M00535	Isoleucine biosynthesis, pyruvate =&gt; 2-oxobutanoate	K09011 K01703+K01704 K00052	 map00290  map00660  map01210  map01230  map01100
			
M00537	Xylene degradation, xylene =&gt; methylbenzoate	K15757+K15758 K00055 K00141	 map00622  map01220  map01100  map01120
M00538	Toluene degradation, toluene =&gt; benzoate	K15760+K15761-K15762+K15763+K15764-K15765 K00055 K00141	 map00623  map01220  map01100  map01120
M00539	Cumate degradation, p-cumate =&gt; 2-oxopent-4-enoate + 2-methylpropanoate	K10619+K16303+K16304+K18227 K10620 K10621 K10622 K10623	 map00622  map01220  map01100  map01120
M00540	Benzoate degradation, cyclohexanecarboxylic acid =&gt;pimeloyl-CoA	K04116 K04117 K07534 K07535 K07536	 map00362  map01220  map01100  map01120
M00541	Benzoyl-CoA degradation, benzoyl-CoA =&gt; 3-hydroxypimeloyl-CoA	(K04112+K04113+K04114+K04115,K19515+K19516) K07537 K07538 K07539	 map00362  map01220  map01100  map01120
M00542	EHEC/EPEC pathogenicity signature, T3SS and effectors	K03221+K03219+K03222+K03226+K03227+K03228+K03229+K03230+K03224+K03225 K12784 K12787 K12785 K12786 K12788 K16041 K16042	 map05130
M00543	Biphenyl degradation, biphenyl =&gt; 2-oxopent-4-enoate + benzoate	K08689+K15750+K18087+K18088 K08690 K00462 K10222	 map00621  map01220  map01100  map01120
M00544	Carbazole degradation, carbazole =&gt; 2-oxopent-4-enoate + anthranilate	K15751-K15752-K15753 K15754+K15755 K15756	 map00621  map01220  map01100  map01120
M00545	Trans-cinnamate degradation, trans-cinnamate =&gt; acetyl-CoA	(((K05708+K05709+K05710+K00529) K05711),K05712) K05713 K05714 K02554 K01666 K04073	 map00360  map01220  map01100  map01120
M00546	Purine degradation, xanthine =&gt; urea	(K00106,K00087+K13479+K13480,K13481+K13482,K11177+K11178+K13483) (K00365,K16838,K16839,K22879) (K13484,K07127 (K13485,K16838,K16840)) (K01466,K16842) K01477	 map00230  map01100
M00547	Benzene/toluene degradation, benzene =&gt; catechol / toluene =&gt; 3-methylcatechol	K03268+K16268+K18089+K18090 K16269	 map00361  map00362  map00623  map01220  map01100  map01120
M00548	Benzene degradation, benzene =&gt; catechol	K16249+K16243+K16244+K16242+K16245+K16246	 map00361  map00362  map01220  map01100  map01120
M00549	Nucleotide sugar biosynthesis, glucose =&gt; UDP-glucose	(K00844,K00845,K25026,K12407,K00886) (K01835,K15779,K15778) (K00963,K12447)	 map00520  map01250  map01100
M00550	Ascorbate degradation, ascorbate =&gt; D-xylulose-5P	K02821+K02822+K03475 K03476 K03078 K03079 K03077	 map00053  map01100  map01120
M00551	Benzoate degradation, benzoate =&gt; catechol / methylbenzoate =&gt; methylcatechol	K05549+K05550+K05784 K05783	 map00362  map00622  map01220  map01100  map01120
M00552	D-galactonate degradation, De Ley-Doudoroff pathway, D-galactonate =&gt; glycerate-3P	K01684 K00883 K01631 K00134 K00927	 map00052  map01100
			
M00554	Nucleotide sugar biosynthesis, galactose =&gt; UDP-galactose	K00849 K00965	 map00520  map00052  map01250  map01100
M00555	Betaine biosynthesis, choline =&gt; betaine	(K17755,((K00108,K11440,K00499) (K00130,K14085)))	 map00260  map01100
			
			
			
			
			
			
			
M00563	Methanogenesis, methylamine/dimethylamine/trimethylamine =&gt; methane	K14082 ((K16177-K16176),(K16179-K16178),(K14084-K14083)) K00399+K00401+K00402 (K22480+K22481+K22482,K03388+K03389+K03390,K08264+K08265,K03388+K03389+K03390+K14127+(K14126+K14128,K22516+K00125))	 map00680  map01200  map01100  map01120
M00564	Helicobacter pylori pathogenicity signature, cagA pathogenicity island	K15842 K12086 -K12087 K12088 K12089 K12090 K03196 K12091 -K12092 K12093 K12094 K12095 K12096 K12097 K12098 -K12099 -K12100 K12101 K12102 K12103 K12104 K12105 K12106 K12107 K12108 K12109 K12110	 map05120
M00565	Trehalose biosynthesis, D-glucose 1P =&gt; trehalose	K00975 K00703 (K00700,K16149) K01214 K06044 K01236	 map00500  map01100  map01110
			
M00567	Methanogenesis, CO2 =&gt; methane	(K00200+K00201+K00202+K00203-K11261+(K00205,K11260,K00204)) K00672 K01499 (K00319,K13942) K00320 (K00577+K00578+K00579+K00580+K00581-K00582-K00583+K00584) (K00399+K00401+K00402) (K22480+K22481+K22482,K03388+K03389+K03390,K08264+K08265,K03388+K03389+K03390+K14127+(K14126+K14128,K22516+K00125))	 map00680  map01200  map01100  map01120
M00568	Catechol ortho-cleavage, catechol =&gt; 3-oxoadipate	K03381 K01856 K03464 (K01055,K14727)	 map00362  map01220  map01100  map01120
M00569	Catechol meta-cleavage, catechol =&gt; acetyl-CoA / 4-methylcatechol =&gt; propanoyl-CoA	(K00446,K07104) ((K10217 K01821 K01617),K10216) (K18364,K02554) (K18365,K01666) (K18366,K04073)	 map00362  map00622  map01220  map01100  map01120
M00570	Isoleucine biosynthesis, threonine =&gt; 2-oxobutanoate =&gt; isoleucine	(K17989,K01754) K01652+(K01653,K11258) K00053 K01687 K00826	 map00290  map01230  map01100
			
M00572	Pimeloyl-ACP biosynthesis, BioC-BioH pathway, malonyl-ACP =&gt; pimeloyl-ACP	K02169 (K00647,K09458) K00059 K02372 K00208 (K02170,K09789,K19560,K19561)	 map00780  map01240  map01100
M00573	Biotin biosynthesis, BioI pathway, long-chain-acyl-ACP =&gt; pimeloyl-ACP =&gt; biotin	K16593 K00652 K19563 K01935 K01012	 map00780  map01240  map01100
M00574	Pertussis pathogenicity signature, pertussis toxin	K11023 -K11024 K11025 K11026 K11027	 map05133
M00575	Pertussis pathogenicity signature, T1SS	K22944 K11004 K07389 K11003 K12340	 map05133
M00576	ETEC pathogenicity signature, heat-labile and heat-stable enterotoxins	(K10928+K10929) (K16883,K16884)	
M00577	Biotin biosynthesis, BioW pathway, pimelate =&gt; pimeloyl-CoA =&gt; biotin	K01906 K00652 (K00833,K19563) K01935 K01012	 map00780  map01240  map01100
			
M00579	Phosphate acetyltransferase-acetate kinase pathway, acetyl-CoA =&gt; acetate	(K00625,K13788,K15024) K00925	 map00430  map00620  map00720  map01200  map01100  map01120
M00580	Pentose phosphate pathway, archaea, fructose 6P =&gt; ribose 5P	(K08094 (K08093,K13812),K13831) K01807	 map00030  map01200  map01230  map01100  map01120
			
			
			
			
			
			
			
			
			
			
			
			
			
			
M00595	Thiosulfate oxidation by SOX complex, thiosulfate =&gt; sulfate	K17222+K17223+K17224-K17225-K22622+K17226+K17227	 map00920  map01100  map01120
M00596	Dissimilatory sulfate reduction, sulfate =&gt; H2S	K00958 (K00394+K00395) (K11180+K11181)	 map00920  map01100  map01120
M00597	Anoxygenic photosystem II	K08928+K08929	
M00598	Anoxygenic photosystem I	K08940+K08941+K08942+K08943	
			
			
			
			
			
			
			
			
			
M00608	2-Oxocarboxylic acid chain extension, 2-oxoglutarate =&gt; 2-oxoadipate =&gt; 2-oxopimelate =&gt; 2-oxosuberate	K10977 K16792+K16793 K10978	 map00300  map00680  map01210  map01230  map01240  map01100  map01120
M00609	Cysteine biosynthesis, methionine =&gt; cysteine	K00789 K17462 K01243 K07173 K17216 K17217	 map00270  map01230  map01100
			
M00611	Oxygenic photosynthesis in plants and cyanobacteria	(<a href="/module/M00161">M00161,<a href="/module/M00163">M00163) <a href="/module/M00165">M00165	
M00612	Anoxygenic photosynthesis in purple bacteria	<a href="/module/M00597">M00597 <a href="/module/M00165">M00165	
M00613	Anoxygenic photosynthesis in green nonsulfur bacteria	<a href="/module/M00597">M00597 <a href="/module/M00376">M00376	
M00614	Anoxygenic photosynthesis in green sulfur bacteria	<a href="/module/M00598">M00598 <a href="/module/M00173">M00173	
M00615	Nitrate assimilation	(K02575,K15576+K15577+K15578-K15579) <a href="/module/M00531">M00531	
M00616	Sulfate-sulfur assimilation	(K02048,K23163)+K02046+K02047+K02045 <a href="/module/M00176">M00176	
M00617	Methanogen	<a href="/module/M00567">M00567,<a href="/module/M00357">M00357,<a href="/module/M00356">M00356,<a href="/module/M00563">M00563	
M00618	Acetogen	<a href="/module/M00377">M00377 <a href="/module/M00579">M00579	
			
M00620	Incomplete reductive citrate cycle, acetyl-CoA =&gt; oxoglutarate	(K00169+K00170+K00171+K00172) (K01959+K01960) K00024 (K01677+K01678) (K18209+K18210) (K01902+K01903) (K00174+K00175+K00176+K00177)	 map00720  map01200  map01100  map01120
			
M00622	Nicotinate degradation, nicotinate =&gt; fumarate	K18029+K18030 K14974 K18028 K15357 K13995 K01799	 map00760  map01100  map01120
M00623	Phthalate degradation, phthalate =&gt; protocatechuate	K18068+K18069 K18067 K04102	 map00624  map01220  map01100  map01120
M00624	Terephthalate degradation, terephthalate =&gt; 3,4-dihydroxybenzoate	K18074+K18075+K18077 K18076	 map00624  map01220  map01100  map01120
M00625	Methicillin resistance	K02547 K02546 K02545	 map01501
			
M00627	beta-Lactam resistance, Bla system	K02172 K02171 (K18766,K17836)	 map01501
			
			
M00630	D-Galacturonate degradation (fungi), D-galacturonate =&gt; glycerol	(K18106,K19634) K18102 K18103 K18107	 map00040  map01100
M00631	D-Galacturonate degradation (bacteria), D-galacturonate =&gt; pyruvate + D-glyceraldehyde 3P	K01812 K00041 (K01685,K16849+K16850) K00874 (K01625,K17463)	 map00040  map00030  map01100
M00632	Galactose degradation, Leloir pathway, galactose =&gt; alpha-D-glucose-1P	K01785 K00849 K00965 K01784	 map00052  map01100
M00633	Semi-phosphorylative Entner-Doudoroff pathway, gluconate/galactonate =&gt; glycerate-3P	K05308 K18126 K11395 (K00131,K18978)	 map00030  map00052  map01200  map01100
			
			
M00636	Phthalate degradation, phthalate =&gt; protocatechuate	K18251+K18252-K18253-K18254 K18255 K18256	 map00624  map01220  map01100  map01120
M00637	Anthranilate degradation, anthranilate =&gt; catechol	(K05599+K05600+K11311,K16319+K16320+K18248+K18249)	 map00627  map01100  map01120
M00638	Salicylate degradation, salicylate =&gt; gentisate	K18242+K18243+K14578+K14581	 map00626  map01100  map01120
M00639	Multidrug resistance, efflux pump MexCD-OprJ	K18294 K18295+K18296-K08721	
			
M00641	Multidrug resistance, efflux pump MexEF-OprN	K18297 K18298+K18299-K18300	
M00642	Multidrug resistance, efflux pump MexJK-OprM	K18301 K18302+K18303-K18139	
M00643	Multidrug resistance, efflux pump MexXY-OprM	K18129 K18094+K18095+K18139	
			
			
			
			
			
M00649	Multidrug resistance, efflux pump AdeABC	K18143 K18144 K18145+K18146-K18147	 map01501
			
M00651	Vancomycin resistance, D-Ala-D-Lac type	(K18345 K18344 K07260 K18346),(K18351 K18352 K18354 K18353) (K18347 K15739 K08641)	 map01502  map02020
M00652	Vancomycin resistance, D-Ala-D-Ser type	K18350 K18349 K18348 K18856 K18866	 map01502  map02020
			
			
			
			
			
			
			
M00660	Xanthomonas spp. pathogenicity signature, T3SS and effectors	K03222+K03226+K03227+K03228+K03229+K03230+K03224+K03225+K03223+K18374+K18376 K18373 K18375 K18377 K18378 K18379 K18380 K18381	
M00661	Paspaline biosynthesis, geranylgeranyl-PP + indoleglycerol phosphate =&gt; paspaline	K18385 K18386 K18387	 map00403  map01100  map01110
			
			
M00664	Nodulation	K14658 K14659 K14666 K14657	
			
			
			
			
			
			
			
M00672	Penicillin biosynthesis, aminoadipate + cycteine + valine =&gt; penicillin	K12743 K04126 K10852	 map00311  map01100  map01110
M00673	Cephamycin C biosynthesis, aminoadipate + cycteine + valine =&gt; cephamycin C	K12743 K04126 K04127 K12744 K12745 K04128 K18062 K18063	 map00311  map01100  map01110
M00674	Clavaminate biosynthesis, arginine + glyceraldehyde-3P =&gt; clavaminate	K12673 K12674 K12675 K12676	 map00331  map01100  map01110
M00675	Carbapenem-3-carboxylate biosynthesis, pyrroline-5-carboxylate + malonyl-CoA =&gt; carbapenem-3-carboxylate	K18317 K18316 K18315	 map00332  map01100  map01110
			
			
			
			
			
			
			
			
			
			
			
			
			
			
			
			
			
			
			
			
M00696	Multidrug resistance, efflux pump AcrEF-TolC	K18140 K18141+K18142+K12340	
M00697	Multidrug resistance, efflux pump MdtEF-TolC	K07690 K18898+K18899+K12340	
M00698	Multidrug resistance, efflux pump BpeEF-OprC	K18900 K18901+K18902+K18903	
			
M00700	Multidrug resistance, efflux pump AbcA	(K18906,K18907) K18104	
			
M00702	Multidrug resistance, efflux pump NorB	(K18906,K18907) K08170	
			
M00704	Tetracycline resistance, efflux pump Tet38	K18906 K08168	
M00705	Multidrug resistance, efflux pump MepA	K18909 K18908	
			
			
			
			
			
			
			
			
M00714	Multidrug resistance, efflux pump QacA	K18938 K08167	
			
			
			
M00718	Multidrug resistance, efflux pump MexAB-OprM	K18131 K03585+K18138+K18139	
			
			
			
			
			
			
M00725	Cationic antimicrobial peptide (CAMP) resistance, dltABCD operon	K19077 K19078 K03367+K03739+K14188+K03740	 map01503
M00726	Cationic antimicrobial peptide (CAMP) resistance, lysyl-phosphatidylglycerol (L-PG) synthase MprF	K19077 K19078 K14205	 map01503
			
			
			
M00730	Cationic antimicrobial peptide (CAMP) resistance, VraFG transporter	K19077 K19078 K19079+K19080	 map01503
			
			
			
			
			
M00736	Nocardicin A biosynthesis, L-pHPG + arginine + serine =&gt; nocardicin A	K19102+K19103+K05375 K19104 K19105 K19106	 map00261  map01100  map01110
			
			
			
M00740	Methylaspartate cycle	K01647 K01681 K00031 K00261 K19268+K01846 K04835 K19280 K14449 K19281 K19282 K00024	 map00020  map00250  map00630  map01200  map01100  map01120
M00741	Propanoyl-CoA metabolism, propanoyl-CoA =&gt; succinyl-CoA	(K01965+K01966,K11263+(K18472,K19312+K22568),K01964+K15036+K15037) K05606 (K01847,K01848+K01849)	 map00280  map00630  map00640  map01200  map01100
			
			
M00744	Cationic antimicrobial peptide (CAMP) resistance, protease PgtE	K07637 K07660 K08477	
M00745	Imipenem resistance, repression of porin OprD	(K18072 K18073),(K07644 K07665),K18297 K18093	
M00746	Multidrug resistance, repression of porin OmpF	K13632 K18513 K09476	
			
			
			
			
			
			
			
			
			
			
			
			
			
			
M00761	Undecaprenylphosphate alpha-L-Ara4N biosynthesis, UDP-GlcA =&gt; undecaprenyl phosphate alpha-L-Ara4N	K10011 K07806 K10012 K13014	 map00520  map01100
			
M00763	Ornithine biosynthesis, mediated by LysW, glutamate =&gt; ornithine	K05826K19412 K05828 K05829 K05830 K05831	 map00220  map01210  map01230  map01100
			
			
			
			
			
M00769	Multidrug resistance, efflux pump MexPQ-OpmE	K18304 K19591 K19595+K19594+K19593	
			
			
			
M00773	Tylosin biosynthesis, methylmalonyl-CoA + malonyl-CoA =&gt; tylactone =&gt; tylosin	K15988+K24555+K24556+K24557+K24558 K15989+K15990 K15992 K15991 K15993 K15994 K15995 K15996	 map00522  map01100  map01110
M00774	Erythromycin biosynthesis, propanoyl-CoA + methylmalonyl-CoA =&gt; deoxyerythronolide B =&gt; erythromycin A/B	K10817+K24563+K24564 K14366 K14367 K14368+K15997 K14370 K14369	 map00522  map01100  map01110
M00775	Oleandomycin biosynthesis, malonyl-CoA + methylmalonyl-CoA =&gt; 8,8a-deoxyoleandolide =&gt; oleandomycin	K16007+K24565+K24566 K16008 K16009 K13320 K16010	 map00522  map01100  map01110
M00776	Pikromycin/methymycin biosynthesis, methylmalonyl-CoA + malonyl-CoA =&gt; narbonolide/10-deoxymethynolide =&gt; pikromycin/methymycin	K16000+K16001+K16002-K16003 K16004 K16005 K16006	 map00522  map01100  map01110
M00777	Avermectin biosynthesis, 2-methylbutanoyl-CoA/isobutyryl-CoA =&gt; 6,8a-Seco-6,8a-deoxy-5-oxoavermectin 1a/1b aglycone =&gt; avermectin A1a/B1a/A1b/B1b	K14371+K24567+K24568+K24569 K14372 K14373 K14374 K14375	 map00522  map01100  map01110
M00778	Type II polyketide backbone biosynthesis, acyl-CoA + malonyl-CoA =&gt; polyketide	K05551+K05552+K05553 -K12420 ((K05554,K14249,K15884,K15885) (K05555,K14250),K15886)	 map01056  map00253  map01100  map01110
M00779	Dihydrokalafungin biosynthesis, octaketide =&gt; dihydrokalafungin	K05556 (K14626,K14627) (K14628,K14629) (K14630+K14631,K14632)	 map01057  map01100  map01110
M00780	Tetracycline/oxytetracycline biosynthesis, pretetramide =&gt; tetracycline/oxytetracycline	K14251 K14252 K14253 K14254 K14255 K14256 K21301	 map00253  map01057  map01100  map01110
M00781	Nogalavinone/aklavinone biosynthesis, deoxynogalonate/deoxyaklanonate =&gt; nogalavinone/aklavinone	K15941 K15942 K15943 K15944	 map01057  map01100  map01110
M00782	Mithramycin biosynthesis, 4-demethylpremithramycinone =&gt; mithramycin	K15959 K15960 K15961 K15963 K15964 K15965 K15966 K15967	 map01057  map01100  map01110
M00783	Tetracenomycin C/8-demethyltetracenomycin C biosynthesis, tetracenomycin F2 =&gt; tetracenomycin C/8-demethyltetracenomycin C	K15968 K15969 K15886 -K15970 K15971 K15972	 map01057  map01100  map01110
M00784	Elloramycin biosynthesis, 8-demethyltetracenomycin C =&gt; elloramycin A	K19566 K19567 K19568 K19569 K19570	 map01057  map01100  map01110
M00785	Cycloserine biosynthesis, arginine/serine =&gt; cycloserine	K19741 K19723K19726 K19725 K19724 K19727	 map00998  map01100  map01110
M00786	Fumitremorgin alkaloid biosynthesis, tryptophan + proline =&gt; fumitremorgin C/A	K18281 K14132 K17475 K18280 K17827 K17826 K14134 K17825 K18279	 map00404  map01100  map01110
M00787	Bacilysin biosynthesis, prephenate =&gt; bacilysin	K19546 K19547 K19550 K19549 K19548 K13037	 map00998  map01100  map01110
M00788	Terpentecin biosynthesis, GGAP =&gt; terpentecin	K19835 K19834	 map00998  map01100  map01110
M00789	Rebeccamycin biosynthesis, tryptophan =&gt; rebeccamycin	K14266 K19884 K19885 K19886+K19887 K19888 K19889	 map00404  map01100  map01110
M00790	Pyrrolnitrin biosynthesis, tryptophan =&gt; pyrrolnitrin	K14266 K19981 K14257 K19982	 map00404  map01100  map01110
			
			
M00793	dTDP-L-rhamnose biosynthesis	K00973 K01710 (K01790 K00067,K23987)	 map00521  map00523  map00541  map01250  map01100  map01110
M00794	dTDP-6-deoxy-D-allose biosynthesis	K13312 K13313	 map00523  map01250  map01100  map01110
M00795	dTDP-beta-L-noviose biosynthesis	K19855 K12710 K17625	 map00523  map01250  map01100  map01110
M00796	dTDP-D-mycaminose biosynthesis	K19853 K19854 K13307	 map00523  map01250  map01100  map01110
M00797	dTDP-D-desosamine biosynthesis	K13308 K13309 (K13310,K16436) (K13311,K13326)	 map00523  map01250  map01100  map01110
M00798	dTDP-L-mycarose biosynthesis	K16435 K13315 K13317 (K13316,K16438) K13318	 map00523  map01250  map01100  map01110
M00799	dTDP-L-oleandrose biosynthesis	K16435 K13315 K16438 K19856 K19857	 map00523  map01250  map01100  map01110
M00800	dTDP-L-megosamine biosynthesis	K16435 K16436 K13326 K16438 K13322	 map00523  map01250  map01100  map01110
M00801	dTDP-L-olivose biosynthesis	K16435 K13327 K19858 K13319	 map00523  map01250  map01100  map01110
M00802	dTDP-D-forosamine biosynthesis	K16435 K13327 K13328 K13329 K13330	 map00523  map01250  map01100  map01110
M00803	dTDP-D-angolosamine biosynthesis	K16435 K19859 K16436 K13332	 map00523  map01250  map01100  map01110
M00804	Complete nitrification, comammox, ammonia =&gt; nitrite =&gt; nitrate	K10944+K10945+K10946 K10535 K00370+K00371	 map00910  map01100  map01120
M00805	Staurosporine biosynthesis, tryptophan =&gt; staurosporine	K20075 K20076 K20077+K20078 K20079 K20080 K20081 K20082	 map00404  map01100  map01110
			
			
M00808	Violacein biosynthesis, tryptophan =&gt; violacein	K20086 K20087+K20088 K20089 K20090	 map00404  map01100  map01110
			
M00810	Nicotine degradation, pyridine pathway, nicotine =&gt; 2,6-dihydroxypyridine/succinate semialdehyde	K19818+K19819+K19820 (K19826,K19890) K19185+K19186+K19187 K19188 -K20155	 map00760  map01100  map01120
M00811	Nicotine degradation, pyrrolidine pathway, nicotine =&gt; succinate semialdehyde	K20170,K20169 (K20170,(K20158 K19700)) K20171-K20172 K15359,K18276	 map00760  map01100  map01120
			
			
M00814	Acarbose biosynthesis, sedoheptulopyranose-7P =&gt; acarbose	K19969 K19979 K19974 K20424 K20425 K20426 K20427 K20430 -- --	 map00525  map01100  map01110
M00815	Validamycin A biosynthesis, sedoheptulopyranose-7P =&gt; validamycin A	K19969 K20431 K20432 K20433 K20434 K20435 K20436 K20437 K20438	 map00525  map01100  map01110
			
			
			
M00819	Pentalenolactone biosynthesis, farnesyl-PP =&gt; pentalenolactone	K12250 K15907 -- K18056 K17747 K18091 K18057 K17476	 map00998  map01100  map01110
			
			
			
M00823	Chlortetracycline biosynthesis, pretetramide =&gt; chlortetracycline	K14251 K14252 K14253 K14254 K14255 K14256 K21301 K14257+K21297	 map00253  map01057  map01100  map01110
M00824	9-membered enediyne core biosynthesis, malonyl-CoA =&gt; 3-hydroxyhexadeca-4,6,8,10,12,14-hexaenoyl-ACP =&gt; 9-membered enediyne core	K15314 K21160+K21161+K21162+K21163+K21164+K21165+K21166+K21167	 map01059  map01100  map01110
M00825	10-membered enediyne core biosynthesis, malonyl-CoA =&gt; 3-hydroxyhexadeca-4,6,8,10,12,14-hexaenoyl-ACP =&gt; 10-membered enediyne core	K15314 K21168+K21169+K21170+K21171+K21172+K21173+K21174	 map01059  map01100  map01110
M00826	C-1027 benzoxazolinate moiety biosynthesis, chorismate =&gt; benzoxazolinyl-CoA	K20159+K21175 K20156 K21176 K21177 K21178 K21179	 map01059  map01100  map01110
M00827	C-1027 beta-amino acid moiety biosynthesis, tyrosine =&gt; 3-chloro-4,5-dihydroxy-beta-phenylalanyl-PCP	K21183K21181 K21182 K16431 K21184 K21185	 map01059  map01100  map01110
M00828	Maduropeptin beta-hydroxy acid moiety biosynthesis, tyrosine =&gt; 3-(4-hydroxyphenyl)-3-oxopropanoyl-PCP	K21183K21181 K21182 K21188	 map01059  map01100  map01110
M00829	3,6-Dimethylsalicylyl-CoA biosynthesis, malonyl-CoA =&gt; 6-methylsalicylate =&gt; 3,6-dimethylsalicylyl-CoA	K15320 K21191 K21192	 map01059  map01100  map01110
M00830	Neocarzinostatin naphthoate moiety biosynthesis, malonyl-CoA =&gt; 2-hydroxy-5-methyl-1-naphthoate =&gt; 2-hydroxy-7-methoxy-5-methyl-1-naphthoyl-CoA	K20422 K20420 K20421 K20423	 map01059  map01100  map01110
M00831	Kedarcidin 2-hydroxynaphthoate moiety biosynthesis, malonyl-CoA =&gt; 3,6,8-trihydroxy-2-naphthoate =&gt; 3-hydroxy-7,8-dimethoxy-6-isopropoxy-2-naphthoyl-CoA	K21221 K21222 K21223 K21224 K21225	 map01059  map01100  map01110
M00832	Kedarcidin 2-aza-3-chloro-beta-tyrosine moiety biosynthesis, azatyrosine =&gt; 2-aza-3-chloro-beta-tyrosyl-PCP	K21183K21227 K21228 K16431 K21185	 map01059  map01100  map01110
M00833	Calicheamicin biosynthesis, calicheamicinone =&gt; calicheamicin	K21254 K21255 K21256 K21257 K21258K21259 K21260 K21261 K21262 K21263	 map01059  map01100  map01110
M00834	Calicheamicin orsellinate moiety biosynthesis, malonyl-CoA =&gt; orsellinate-ACP =&gt; 5-iodo-2,3-dimethoxyorsellinate-ACP	K21254 K21255 K21256 K21257 K21258	 map01059  map01100  map01110
M00835	Pyocyanine biosynthesis, chorismate =&gt; pyocyanine	K13063 K20261 K06998 K20260 K20262 K21103 K20940	 map00405  map01100  map01110
M00836	Coenzyme F430 biosynthesis, sirohydrochlorin =&gt; coenzyme F430	K22011 K22012 (K21610+K21611) K21612	 map00860  map01240  map01100  map01120
M00837	Prodigiosin biosynthesis, L-proline =&gt; prodigiosin	K21780+K21781 K21782 K21783 K21784 K21785 K21786K21428 K21778 K21779K21787	 map00333  map01100  map01110
M00838	Undecylprodigiosin biosynthesis, L-proline =&gt; undecylprodigiosin	K21780+K21781 K21782 K21783 K21784 K21785 K21786K21791 K21792 K21793K21787	 map00333  map01100  map01110
			
M00840	Tetrahydrofolate biosynthesis, mediated by ribA and trpF, GTP =&gt; THF	K14652 K22100 -- K01633 K13941 K22099 K00287	 map00790  map01240  map01100
M00841	Tetrahydrofolate biosynthesis, mediated by PTPS, GTP =&gt; THF	K01495 K22101 K13941 K11754 K13998	 map00790  map01240  map01100
M00842	Tetrahydrobiopterin biosynthesis, GTP =&gt; BH4	K01495 K01737 K00072	 map00790  map01240  map01100
M00843	L-threo-Tetrahydrobiopterin biosynthesis, GTP =&gt; L-threo-BH4	K01495 K01737 K17745	 map00790  map01240  map01100
M00844	Arginine biosynthesis, ornithine =&gt; arginine	K00611 K01940 (K01755,K14681)	 map00220  map01230  map01100
M00845	Arginine biosynthesis, glutamate =&gt; acetylcitrulline =&gt; arginine	K22478 K00145 K00821 K09065 K01438 K01940 K01755	 map00220  map01230  map01100
M00846	Siroheme biosynthesis, glutamyl-tRNA =&gt; siroheme	K02492 K01845 K01698 K01749 (K01719,K13542,K13543) (K02302,(K00589,K02303,K02496,K13542,K13543)+(K02304,(K24866+K03794)))	 map00860  map01240  map01100  map01110
M00847	Heme biosynthesis, archaea, siroheme =&gt; heme	K22225 K22226 (K22227,K25033)	 map00860  map01240  map01100  map01110
M00848	Aurachin biosynthesis, anthranilate =&gt; aurachin A	K09460 K02078+K14245+K14246+K22798 K22799 K22800 K21272 K21271 K22801 K22802	 map00998  map01100  map01110
M00849	C5 isoprenoid biosynthesis, mevalonate pathway, archaea	K00626 K01641 (K00021,K00054) ((K00869 (K17942,(K25517+K09128 K25518+K03186))),(K18689 K18690 K22813)) K06981 K01823	 map00900  map01100  map01110
M00850	Vibrio cholerae pathogenicity signature, cholera toxins	(K10928+K10929) K10954 K10952 K10953 K10948 K11018	 map05110
M00851	Carbapenem resistance	(K18768,K18970,K19316,K22346,K18794,K19318,K18971,K18793,K19319,K19320,K19321,K19322,K18972,K19211,K18976,K21277,K18782,K18781,K18780,K19099,K19216)	 map01501
M00852	Vibrio cholerae pathogenicity signature, toxin coregulated pilus	K10961 K10920 K10919 K10930 K10931 K10962 K10932 K10963 K10933 K10964 K10965 K10934 K10935 K10966	 map05110  map05111
M00853	ETEC pathogenicity signature, colonization factors	K22850 -K22851 K22852 K22853 K22854	
M00854	Glycogen biosynthesis, glucose-1P =&gt; glycogen/starch	(K00963 (K00693+K00750,K16150,K16153,K13679,K20812)),(K00975 (K00703,K13679,K20812)) (K00700,K16149)	 map00500  map01100
M00855	Glycogen degradation, glycogen =&gt; glucose-6P	(K00688,K16153) (K01196,((K00705,K22451) (K02438,K01200))) (K15779,K01835,K15778)	 map00500  map01100
M00856	Salmonella enterica pathogenicity signature, typhoid toxin	K11014 K11023 K19298 K22918	
M00857	Salmonella enterica pathogenicity signature, Vi antigen	K22914 K22926 K22925 K22915 K22916 K22917 (K22924+K22921+K22923+K22922)	
			
M00859	Bacillus anthracis pathogenicity signature, anthrax toxin	K11030 K08645 K11029	
M00860	Bacillus anthracis pathogenicity signature, polyglutamic acid capsule biosynthesis	K22976 K22977 K22980 K07282 K22116 K01932 K22981	
M00861	beta-Oxidation, peroxisome, VLCFA	K00232 K12405 (K07513,K08764)	 map01040  map01212  map01100
M00862	beta-Oxidation, peroxisome, tri/dihydroxycholestanoyl-CoA =&gt; choloyl/chenodeoxycholoyl-CoA	K10214 K12405 K08764	 map00120  map01100
			
			
			
M00866	KDO2-lipid A biosynthesis, Raetz pathway, non-LpxL-LpxM type	K00677 (K02535,K16363) K02536 (K03269,K09949) K00748 K00912 K02527 K02517 K09778	 map00540  map01100
M00867	KDO2-lipid A modification pathway	K12977 K03760 K23082+K23083 K23159 K09953	 map00540  map01100
M00868	Heme biosynthesis, animals and fungi, glycine =&gt; heme	K00643 K01698 K01749 K01719 K01599 K00228 K00231 K01772	 map00860  map01240  map01100  map01110
			
			
			
M00872	O-glycan biosynthesis, mannose type (core M3)	K00728 K18207 K09654 K17547 K21031K19872 K19873 K21052 K21032 K09668	 map00515  map01100
M00873	Fatty acid biosynthesis in mitochondria, animals	K18660 K03955+K00645 K09458 K11539+K13370 K22540 K07512	 map00061  map01212  map01100
M00874	Fatty acid biosynthesis in mitochondria, fungi	K11262 K03955+K00645 K09458 K00059 K22541 K07512	 map00061  map01212  map01100
M00875	Staphyloferrin B biosynthesis, L-serine =&gt; staphyloferrin B	K23371 K21949 K21721 K23372 K23373 K23374 K23375	 map00997  map01100  map01110
M00876	Staphyloferrin A biosynthesis, L-ornithine =&gt; staphyloferrin A	K21898 K23446 K23447	 map00997  map01100  map01110
M00877	Kanosamine biosynthesis, glucose 6-phosphate =&gt; kanosamine	K18652 K18653 K18654	 map00998  map01100  map01110
M00878	Phenylacetate degradation, phenylaxetate =&gt; acetyl-CoA/succinyl-CoA	K01912 K02609+K02610+K02611+K02612+K02613 K15866 K02618 K02615 K01692 K00074	 map00360  map01100  map01120
M00879	Arginine succinyltransferase pathway, arginine =&gt; glutamate	K00673 K01484 K00840 K06447 K05526	 map00330  map01100
M00880	Molybdenum cofactor biosynthesis, GTP =&gt; molybdenum cofactor	((K03639 K03637),K20967) (K03635,K21142) (((K03831,K03638) K03750),K15376)	 map00790  map01240  map01100
M00881	Lipoic acid biosynthesis, plants and bacteria, octanoyl-ACP =&gt; dihydrolipoyl-E2/H	K03801 K03644	 map00785  map01240  map01100
M00882	Lipoic acid biosynthesis, eukaryotes, octanoyl-ACP =&gt; dihydrolipoyl-H	K23735 K03644	 map00785  map01240  map01100
M00883	Lipoic acid biosynthesis, animals and bacteria, octanoyl-ACP =&gt; dihydrolipoyl-H =&gt; dihydrolipoyl-E2	(K23735,K23734) K03644 (K10105,K16869)	 map00785  map01240  map01100
M00884	Lipoic acid biosynthesis, octanoyl-CoA =&gt; dihydrolipoyl-E2	K23750 K03644	 map00785  map01240  map01100
			
			
			
			
M00889	Puromycin biosynthesis, ATP =&gt; puromycin	K12628 K12629 K12630 K12631 K12632 K12633 K12634 K12635 K12636	 map00998  map01100  map01110
M00890	Roseoflavin biosynthesis, FMN =&gt; roseoflavin	K22598 -- K22269	 map00998  map01100  map01110
M00891	Ditryptophenaline biosynthesis, tryptophan + phenylalanine =&gt; ditryptophenaline	K23646 K23647 K21477	 map00997  map01100  map01110
M00892	UDP-N-acetyl-D-glucosamine biosynthesis, eukaryotes, glucose =&gt; UDP-GlcNAc	(K00844,K12407,K00845) K01810 K00820 K00621 K01836 K00972	 map00520  map01250  map01100
M00893	Lovastatin biosynthesis, malonyl-CoA =&gt; lovastatin acid	K20981 K20982 K20985 K20980 K20984K20983	 map00997  map01100  map01110
M00894	Cannabidiol biosynthesis, malonyl-CoA =&gt; cannabidiol/dronabinol	K20503 K20508 -- K20502 K20501	 map00999  map01100  map01110
M00895	Thiamine biosynthesis, prokaryotes, AIR (+ DXP/glycine) =&gt; TMP/TPP	K03148+K03154 K03151K03153 K03149 K10810K03147 K00941 K00788 K00946	 map00730  map01240  map01100
M00896	Thiamine biosynthesis, archaea, AIR (+ NAD+) =&gt; TMP/TPP	K22699K03147 (K00941 (K00788,K21220),K21219) K00946	 map00730  map01240  map01100
M00897	Thiamine biosynthesis, plants, AIR (+ NAD+) =&gt; TMP/thiamine/TPP	K03146K03147 K14153 K22911 K00949	 map00730  map01240  map01100
M00898	Thiamine biosynthesis, pyridoxal-5P =&gt; TMP/thiamine/TPP	K03146K18278 K00877 K14154 -- K00949	 map00730  map01240  map01100
M00899	Thiamine salvage pathway, HMP/HET =&gt; TMP	K00878((K00941 K00788),K14153,K21219)	 map00730  map01100
M00900	Crocin biosynthesis, crocetin =&gt; crocin	K21371 K21354	 map00999  map01100  map01110
M00901	Fumiquinazoline biosynthesis, tryptophan + alanine + anthranilate =&gt; fumiquinazoline	K23665 K23666 K23667 K23668	 map00997  map01100  map01110
M00902	Podophyllotoxin biosynthesis, coniferyl alcohol =&gt; podophyllotoxin	K21568 K19650 K21207 K21203 K21205 K21204 K21202	 map00999  map01100  map01110
M00903	Fosfomycin biosynthesis, phosphoenolpyruvate =&gt; fosfomycin	K23999 K09459 K12901 K12902 K24000 K12903	 map00998  map01100  map01110
M00904	Dapdiamides biosynthesis, L-2,3-diaminopropanoate =&gt; dapdiamide A/B/C	K22113 K01957 K22114	 map00998  map01100  map01110
M00905	Grixazone biosynthesis, aspartate 4-semialdehyde =&gt; grixazone B	K18287 K17835 K20204	 map00997  map01100  map01110
M00906	Ethynylserine biosynthesis, lysine =&gt; ethynylserine	K23669 K23670 K23671 K23672 K23673	 map00997  map01100  map01110
			
			
M00909	UDP-N-acetyl-D-glucosamine biosynthesis, prokaryotes, glucose =&gt; UDP-GlcNAc	(K00845,K25026) (K01810,K13810,K15916) K00820 K03431 K04042	 map00520  map01250  map01100
M00910	Phenylalanine biosynthesis, chorismate =&gt; arogenate =&gt; phenylalanine	K01850 K15849 K05359	 map00400  map01230  map01100  map01110
M00911	Riboflavin biosynthesis, fungi, GTP =&gt; riboflavin/FMN/FAD	K01497 K14654 K14655 --K02858K00794 K00793 K00861 K00953	 map00740  map01240  map01100
M00912	NAD biosynthesis, tryptophan =&gt; quinolinate =&gt; NAD	(K00453,K00463) (K01432,K14263,K07130) K00486 K01556 K00452 K00767 (K00969,K06210) (K01916,K01950)	 map00380  map00760  map01240  map01100
M00913	Pantothenate biosynthesis, 2-oxoisovalerate/spermine =&gt; pantothenate	K00606 K00077K13367 K00128K01918	 map00770  map01240  map01100
M00914	Coenzyme A biosynthesis, archaea, 2-oxoisovalerate =&gt; 4-phosphopantoate =&gt; CoA	K00606 K00077 K06982 K09722 K13038 K02201 K09735	 map00770  map01240  map01100
M00915	Caffeine degradation, caffeine =&gt; xanthine	K21722 K21723 K21724	 map00232  map01100  map01120
M00916	Pyridoxal-P biosynthesis, R5P + glyceraldehyde-3P + glutamine =&gt; pyridoxal-P	K06215+K08681	 map00750  map01240  map01100
M00917	Phytosterol biosynthesis, squalene 2,3-epoxide =&gt; campesterol/sitosterol	K01853 K00559 K14423 K23558 -- K08246 K05917 K00222 K01824 K08242K14424 K00227 K00213 K09828	 map00100  map01100  map01110
M00918	Aerobactin biosynthesis, lysine =&gt; aerobactin	K03897 K03896 K03894 K03895	 map00997  map01100  map01110
M00919	Ectoine degradation, ectoine =&gt; aspartate	K15783 K15784 K15785 K15786	 map00260  map01100  map01120
			
M00921	Cyclooctatin biosynthesis, dimethylallyl-PP + isopentenyl-PP =&gt; cyclooctatin	K13787 K18686 K22997 K22998	 map00900  map00997  map01100  map01110
M00922	CMP-Neu5Ac biosynthesis	K24257 K01654 K00983	 map00541  map01250  map01100
M00923	UDP-L-FucNAm biosynthesis	K15894 K19068 K24258 K24259	 map00541  map01250  map01100
M00924	Cobalamin biosynthesis, anaerobic, uroporphyrinogen III =&gt; sirohydrochlorin =&gt; cobyrinate a,c-diamide	(K02302,(K02303,K13542) (K02304,K24866)) (K02190,K03795,K22011) K03394 (K05934,K13541,K21479) K05936 (K02189,K13541) K02188 K05895 (K02191 K03399,K00595) K06042 K02224	 map00860  map01240  map01100
M00925	Cobalamin biosynthesis, aerobic, uroporphyrinogen III =&gt; precorrin 2 =&gt; cobyrinate a,c-diamide	(K02303,K13542) (K03394,K13540) K02229 (K05934,K13540,K13541) K05936 K02228 K05895 K00595 K06042 K02224 K02230+K09882+K09883	 map00860  map01240  map01100
M00926	Heme biosynthesis, bacteria, glutamyl-tRNA =&gt; coproporphyrin III =&gt; heme	K02492 K01845 K01698 K01749 (K01719,K13542) K01599 K00231 K01772 K00435	 map00860  map01240  map01100
M00927	Gibberellin A12 biosynthesis, GAPP =&gt; GA12	K04120 K04121 K04122 K04123	 map00904  map01100  map01110
M00928	Gibberellin A4/A1 biosynthesis, GA12/GA53 =&gt; GA4/GA1	K05282 K04124	 map00904  map01100  map01110
M00929	Gibberellin A1 biosynthesis, GGPP =&gt; GA1	K20657 K21292 K12917 K12918 K12919	 map00904  map01100  map01110
M00930	Menaquinone biosynthesis, futalosine pathway	K11782 K18285 (K18286,K20810) K11783 K11784 K11785	 map00130  map01240  map01100
M00931	Menaquinone biosynthesis, modified futalosine pathway	K11782 K18285 K18284 K11784 K11785	 map00130  map01240  map01100
M00932	Phylloquinone biosynthesis, chorismate (+ phytyl-PP) =&gt; phylloquinol	(K02552 K02551 K08680 K02549,K14759) (K01911,K14760) K01661 (K19222,K12073) K23094 K17872 K23095	 map00130  map01240  map01100  map01110
M00933	Plastoquinone biosynthesis, homogentisate + solanesyl-PP =&gt; plastoquinol	K12501 K12502	 map00130  map01240  map01100  map01110
M00934	Mycinamicin biosynthesis, malonyl-CoA + methylmalonyl-CoA =&gt; protomycinolide IV =&gt; mycinamicin II	K24528+K24559+K24560+K24561+K24562 K24529 K24292+K24530 K24531 K21540 K21539 K24390	 map00522  map01100  map01110
M00935	Methanofuran biosynthesis	K09733 K19793 K07144K18933 K06914K07072	 map00680  map01240  map01100
M00936	Melatonin biosynthesis, plants, tryptophan =&gt; serotonin =&gt; melatonin	K01593 K24541 K22450 (K22588,K13066)	 map00380  map01100  map01110
M00937	Aflatoxin biosynthesis, malonyl-CoA =&gt; aflatoxin B1	K15316 K17643 K17644 K17645 K17652 K17646 K24440 K24855 K17648 K24439 K24856+K24438+K24857+K24858 K17649 K17650 K17651	 map00254  map01100  map01110
M00938	Pyrimidine deoxyribonucleotide biosynthesis, UDP =&gt; dTTP	(K00525+K00526,K10807+K10808) (K00940,K18533) K01520 (K00560,K13998,K03465) K00943	 map00240  map01232  map01100
M00939	Pyrimidine degradation, uracil =&gt; 3-hydroxypropanoate	K09018+K09024 K09020 K09021 K09023 (K09019,K16066)	 map00240  map01100
M00940	Flavanone biosynthesis, p-coumaroyl-CoA =&gt; liquiritigenin	K00660+K08243 K01859	 map00941  map01100  map01110
M00941	Isoflavone biosynthesis, liquiritigenin/naringenin =&gt; daidzein/genistein	K13257 K13258	 map00943  map01100  map01110
M00942	Pterocarpan biosynthesis, daidzein =&gt; medicarpin	K13259 K13260 K05281 K13265 K25075	 map00943  map01100  map01110
M00943	Reticuline biosynthesis, dopamine + 4HPAA =&gt; (S)-reticuline	K13382 K13383 K13384 K13385 K13386	 map00950  map01100  map01110
M00944	Morphine biosynthesis, (S)-reticuline =&gt; morphine	K22093 K13391 K13392 K13393 K01742 K14975 K14976 K13394	 map00950  map01100  map01110
M00945	Sanguinarine biosynthesis, (S)-reticuline =&gt; sanguinarine	K00307 K21070 K13395 K13396 K21692 K21693 K22089	 map00950  map01100  map01110
M00946	Noscapine biosynthesis, (S)-reticuline =&gt; noscapine	K00307 K13397 K13395 K13396 K20621 K22094 K22095 K22096 K23157+K23158 K22097 K22098	 map00950  map01100  map01110
M00947	D-Arginine racemization, D-arginine =&gt; L-arginine	K19746 K19744	 map00470  map01100
M00948	Hydroxyproline degradation, trans-4-hydroxy-L-proline =&gt; 2-oxoglutarate	K12658 (K21060,K22549+K21061+K22550) K21062 K13877	 map00470  map01100
M00949	Staphylopine biosynthesis, L-histidine =&gt; staphylopine	K01780 K23120 K23122	 map00470  map01100
M00950	Biotin biosynthesis, BioU pathway, pimeloyl-ACP/CoA =&gt; biotin	K00652 K25570 K01935 K01012	 map00780  map01240  map01100
M00951	Cremeomycin biosynthesis, aspartate/3,4-AHBA =&gt; cremeomycin	K25562 K25597K25563 K25594 K25598	 map00998  map01100  map01110
M00952	Benzoxazinoid biosynthesis, indoleglycerol phosphate =&gt; DIMBOA-glucoside	K13222 K13223 K13224 K13225 K13226 K13227 K13229 K13230	 map00999  map01100  map01110
M00953	Mugineic acid biosynthesis, methionine =&gt; 3-epihydroxymugineic acid	K00789 K05953 K14271 K22374 K18054	 map00999  map01100  map01110
			
			
M00956	Lysine degradation, bacteria, L-lysine =&gt; succinate	K01582 K09251 K00137 K07250 K00135 K15737 K15736	 map00310  map01100  map01120
M00957	Lysine degradation, bacteria, L-lysine =&gt; glutarate =&gt; succinate/acetyl-CoA	K00468 K01506 (K14268,K07250) K00135 ((K15737 K15736),(K01041 K00252 (K01692,K01825,K01782) (K01825,K01782) K00626))	 map00310  map01100  map01120
M00958	Adenine ribonucleotide degradation, AMP =&gt; Urate	((K01490 (K01081,K19970,K03787,K18550)),((K01081,K19970,K11751,K03787,K02566,K08693) (K01488,K19572,K05810))) (K03783,K03784,K09913,K05810) (K00106,K00087+K13479+K13480,K13481+K13482,K11177+K11178+K13483)	 map00230  map01232  map01100
M00959	Guanine ribonucleotide degradation, GMP =&gt; Urate	(K01081,K19970,K11751,K03787,K02566,K08693,K20881) (K03783,K03784,K09913,K05810) K01487 (K00106,K00087+K13479+K13480,K13481+K13482,K11177+K11178+K13483)	 map00230  map01232  map01100
M00960	Lysine degradation, bacteria, L-lysine =&gt; D-lysine =&gt; succinate	(K25316,K25317) K26064 K13609 K26065 K26061 K26062 K25986 K26063 K15737	 map00310  map01100  map01120
M00961	Betacyanin biosynthesis, L-tyrosine =&gt; amaranthin	K26037 K15777(K15776,K15774) K26038	 map00965  map01100  map01110
M00962	Psilocybin biosynthesis, tryptophan =&gt; psilocybin	K22433 K22434 K22435 K22436	 map00901  map01100  map01110
M00963	Chanoclavine aldehyde biosynthesis, tryptophan =&gt; chanoclavine-I aldehyde	K14130 K18884 K17746	 map00901  map01100  map01110
M00964	Fumigaclavine biosynthesis, chanoclavine-I aldehyde =&gt; fumigaclavine C	K19182 K19183 -- K19184 K14135	 map00901  map01100  map01110
M00965	Vindoline biosynthesis, tabersonine =&gt; vindoline	K12696 K21895 K22365 K22323 K21896 K12697 K12698	 map00901  map01100  map01110
